1.2084068583975344e9,8.321762860427043e8,2.397333321687132e8,-8.477268610795374e7,-6.3791551759728156e7,3.4258710521056965e7,2.7569757403011363e7,-2.0155877446948413e7,-1.451253847168186e7,1.4004539649846943e7,8.403744332969869e6,-1.0667340323165968e7,-5.064273586356033e6,8.61159341858265e6,3.031423747023485e6,-7.238359336492807e6,-1.6862619597073963e6,6.270356178636431e6,729451.2541033659,-5.563705179471614e6,2.0029993077503295e-8
7.173497531245925e7,6.423474962198293e7,4.864467955428588e7,3.1125032168128584e7,1.682445725435104e7,7.696225695693131e6,2.9838715802083737e6,974194.3572312196,264692.837927687,63719.02171679228,15644.178071233078,693.2430115009415,-1901.7300463088989,1659.495083218496,1427.9923585105932,-1671.7491677895423,-832.082380137145,1618.2302340815827,369.56379353850963,-1508.9474012675312,-1.4403562121686654e-9
2.541674160309573e7,2.404492967684626e7,2.0916482087645993e7,1.6730739457832955e7,1.2305606395182373e7,8.322474080177125e6,5.175632665607485e6,2.959618710151537e6,1.5562141968497338e6,752427.8692492103,334520.182329388,136753.7885130694,51406.27675535261,17769.142619851205,5647.8751702587915,1650.2701990847177,443.3855476976846,109.88818568578061,24.95010448881641,4.732032760153858,-2.3991623307445435e-10
1.3840160980945675e7,1.3337574020747643e7,1.2154026788334794e7,1.0473001873374162e7,8.533551595641678e6,6.575005214754913e6,4.790380712211615e6,3.300286203821704e6,2.150011699903272e6,1.3244564666131274e6,771511.1346223928,424966.1637743099,221347.25509292632,109018.82018207197,50773.32795456069,22359.92324322444,9310.037034265011,3661.104838439028,1347.071949206215,425.1020739869124,-3.9046492081794444e-11
8.991083503610948e6,8.745080406001732e6,8.156358698069215e6,7.294735691124552e6,6.256097937880259e6,5.144915556432394e6,4.0572680151365595e6,3.068102589855697e6,2.22477855550628e6,1.5469790373005667e6,1.0314846410958515e6,659510.4224106255,404352.80219079077,237725.58316562197,134014.66620470566,72429.04763117411,37495.57368242936,18513.63420928905,8531.534603051481,3240.4946608342098,-4.211289078357505e-12
6.434197805219691e6,6.292972425918498e6,5.95171102445132e6,5.443176682064312e6,4.813795238155189e6,4.1166825613766243e6,3.404330588599717e6,2.7223291881164857e6,2.1051064679401377e6,1.5740982267638238e6,1.1381862425256665e6,795823.0416107622,538064.3653623197,351756.1903806095,222306.86591046728,135727.03894388914,79858.94078479997,44890.115297717624,23337.478308898204,9706.233473917784,5.864061804553213e-12
4.895016181140656e6,4.805316314373296e6,4.587157470645954e6,4.258132121743491e6,3.843690589419189e6,3.3738943865554943e6,2.8798392480210043e6,2.390333533487164e6,1.9293086300554927e6,1.5142457254344528e6,1.1556819978580002e6,857662.4200712865,618869.6631838778,434110.191831635,295853.5357835633,195592.1695297603,124883.38298845619,76026.39868605282,42400.371672780144,18534.36654155953,1.3283491893420343e-11
3.884690365457334e6,3.82359324267889e6,3.6743109309912506e6,3.4472201893517217e6,3.1575551553228637e6,2.8237187696194453e6,2.465358004512279e6,2.1014807661280674e6,1.7488597229218646e6,1.4208959649906687e6,1.1270220061780042e6,872630.0978189287,659436.0441248468,486141.94909495855,349246.77585342346,243867.24619814102,164464.66961203035,105415.2594148346,61402.831020321464,27646.645571845456,2.0256916337629283e-11
3.179687182353442e6,3.135884863429824e6,3.0284879609295498e6,2.8640553240450737e6,2.6523222040249687e6,2.4052459663793123e6,2.1358906775886496e6,1.8572942157904026e6,1.5814519377351312e6,1.3185213439692447e6,1.0763097719930063e6,860060.7392863967,672512.6254666762,514172.3501735325,383729.958114665,278537.74990059406,195087.33230900503,129435.59320469949,77551.50163783312,35575.60237773372,2.6270017041295196e-11
2.664791550733035e6,2.632132063755307e6,2.5518385377905383e6,2.4282815294085178e6,2.2680032151509505e6,2.0791419197605967e6,1.8707463378928243e6,1.6520590148475985e6,1.4318464262688674e6,1.217840184208697e6,1.0163334676286376e6,831952.7253297237,667601.1942698072,524551.3569780758,402650.4743552987,300597.6717638611,216252.2415903942,146939.30537556775,89728.60128513869,41672.657488720295,3.090907746372787e-11
2.2751864775826926e6,2.250065193158693e6,2.1881691849573706e6,2.092533805492252e6,1.9677328528683991e6,1.819512961517993e6,1.6543511767387013e6,1.4789823777924182e6,1.2999433809011462e6,1.1231748282175162e6,953711.6638861482,795480.027663025,651204.8903816037,522420.67231184285,409567.89865288796,312153.4581366525,228950.3315603505,158214.21927512778,97898.36349612403,45852.88267086459,3.4109512358151397e-11
1.9718716877967375e6,1.9520495074235783e6,1.9031209531369545e6,1.82726470957172e6,1.7277811892207998e6,1.6088501733909354e6,1.4752339011117055e6,1.3319543416223957e6,1.1839742456471229e6,1.0359090016058882e6,891790.9299011143,754900.3896605195,627670.0759765984,511661.25379112875,407604.311481324,315491.51137281465,234707.38893996266,164181.78498988756,102551.59461905758,48319.43590959088,3.601794376049182e-11
1.7300936438916125e6,1.7141126823037597e6,1.674604286704722e6,1.6131745857601843e6,1.5322672146275782e6,1.4349969962213507e6,1.3249441652587717e6,1.2059275890113274e6,1.0817764010041417e6,956118.3463821204,832200.2256931688,712751.6142341682,599898.143996001,495125.6997904507,399292.4586644462,312682.20188582875,235089.9738715744,165929.9843963876,104355.52014648137,49381.31094769449,3.6863553287224766e-11
1.5334485691534958e6,1.5203226113368724e6,1.4878282643432706e6,1.437176070142242e6,1.3702145045403496e6,1.2893125918486528e6,1.197213521051294e6,1.0968715477520514e6,991285.3352785547,883340.4461034694,775672.0767046518,670556.6004579975,569837.3925609015,474887.1349822855,386605.6895340896,305449.96632912214,231490.19019596511,164485.66146920476,103972.5066149907,49355.93186557915,3.688427059266985e-11
1.3706789878117372e6,1.3597199043624706e6,1.3325570925542146e6,1.2901203431523743e6,1.2338339085816164e6,1.1655317556374376e6,1.0873512133069972e6,1.001613442724756e6,910699.8811071229,816933.6799440208,722474.2332579076,629231.3200136529,538803.3689567248,452442.1247732999,371043.7785756887,295164.62039912335,225057.6249261976,160725.18432833478,101982.48674317788,48525.78935849486,3.629298097841091e-11
1.2338378054438822e6,1.2245533099775838e6,1.2015162569344465e6,1.1654528250922319e6,1.1174785273848504e6,1.0590358928362215e6,991815.8607255847,917668.8118620878,838511.744059894,756238.1042527765,672636.2467388745,589321.4779875543,507685.2957835372,428863.87995195924,353726.29423132807,282881.3531312306,216700.80832486082,155355.49821006705,98860.42842398316,47124.42385719663,3.526623280773697e-11
1.1171857017043878e6,1.1092164392351522e6,1.0894237126986438e6,1.0583834124448271e6,1.0169825155052898e6,966372.5607834534,907910.71424948,843092.6726279955,773482.1126751683,700641.4528581562,626068.3668085303,551141.8210694212,477080.4798050589,404915.2213774155,335476.3486635263,269394.94617324125,207116.82971994876,148926.717225403,94979.66865837731,45336.52271311861,3.394392637647213e-11
1.016500657837275e6,1.0095799504496776e6,992376.6701996241,965354.1453189914,929227.7729012422,884929.8329755084,833564.7527468621,776357.915237476,714601.4640970852,649600.632106981,582623.9186727633,514859.9899911214,447383.5238277403,381131.43281931983,316890.0473839761,255292.99366826087,196828.729567924,141856.05786833615,90625.46072905234,43303.818819429114,3.243358000629085e-11
928629.1954207395,922556.3837195653,907449.2958352675,883685.886872757,851851.142612344,812710.1604719663,767173.8096693738,716259.2521467154,661047.8831904198,602643.3256128466,542131.9840816044,480548.3543679264,418846.818637901,357881.08640102996,298391.812037515,241002.28650169037,186221.51268936534,134453.4742884822,86011.03036361861,41132.634690046885,3.081594393758477e-11
851185.143381543,845807.4055900314,832420.5105891274,811336.9233101344,783041.3943312,748170.1419235858,707484.210330201,661838.7034567847,612149.8080460808,559361.5879447657,504414.4500338565,448216.9640402109,391622.3850675723,335410.8101783876,280277.4351703666,226826.90346079343,175573.29321840082,126944.90494969682,81292.71650176811,38901.184496472655,2.915048416160725e-11
782341.8736983085,777541.5223758213,765585.019142162,746734.0487645316,721395.4934919653,690105.1624372869,653506.9032980696,612328.3724812763,567354.9063833761,519402.99492792814,469294.8067961805,417835.06147973036,365791.30185673333,313878.3145039056,262747.0999013764,212978.43961526453,165080.77062503627,119491.78373012641,76582.93439733522,36665.9054753993,2.7480158011376602e-11
720685.8087966692,716371.2412484674,705619.3736003013,688652.0969517166,665815.1563269148,637565.2975854505,604453.713331547,567106.75322335,526204.9938004633,482461.8123916144,436602.5771475786,389345.4557114529,341384.6694760757,293376.79472517566,245930.45562269964,199599.48817527105,154879.40008727106,112206.72825875372,71960.71971580682,34466.64479003518,2.5835335949923433e-11
665111.3154814295,661210.4687617455,651485.4866785797,636126.738593291,615431.446535176,589793.4195356201,559689.7880274995,525665.4737492709,488316.2320403688,448271.1450158013,406175.4243459777,362674.30461591616,318398.6803710233,273952.9735901022,229905.52776125164,186781.62571310226,145059.0367276144,105165.82891442926,67480.04772608023,32330.76996992189,2.4236914083778446e-11
614744.267839528,611199.8297100613,602360.2442638677,588390.6325691146,569549.2723586272,546179.3049724572,518697.9820659227,487584.0162026283,453363.67930284597,416596.32792554534,377860.0232298579,337737.8585184094,296805.51420345844,255620.4373728455,214712.9014423211,174579.0523861534,135675.90362467722,98418.11289688021,63176.27076227866,30276.358776100522,2.2698731926243343e-11
568885.8792453726,565651.7524211197,557583.6590437177,544826.2628135035,527606.2213288416,506225.4073803744,481052.08842413826,452510.50004764565,421069.31258573727,387229.51963546284,351512.2719790521,314447.1419701433,276561.23590816907,238369.48158641168,200366.312891133,163018.86179204241,126761.65920561766,91992.74838092978,59071.03478053495,28314.6402698194,2.1229423831703407e-11
526971.095881683,524009.7692193162,516620.39345524804,504930.85940238944,489141.8444154904,469521.20468356716,446396.65259893675,420147.05848613085,391192.76667367516,359985.34108436253,326997.1543119772,292711.20766983426,257611.52095400752,222174.36428427568,186860.5261894714,152108.72861139072,118330.2173870101,85904.48231570117,55175.99951868546,26451.84453927496,1.983382259664997e-11
488537.5801778725,485818.1630672345,479031.03266775276,468290.16143348854,453774.62191904575,435723.8916327921,414431.700547531,390238.68761775584,363524.17363967805,334697.3794198251,304188.41975496506,272439.3859478207,239895.7946875117,206998.63252310173,174177.167177407,141842.63445234342,110382.8474672012,80157.71817380896,51495.633583297626,24690.594029114778,1.851401561330101e-11
453202.4671168611,450699.21265747567,444450.5289315009,434558.6992142325,421184.6132356169,404543.7892404418,384901.14357278525,362564.7187951685,337878.61484715506,311215.3864872105,282968.17363882804,253542.8198067058,223350.20904069007,192799.01652216792,162289.02494216492,132205.11206414324,102911.96796396044,74749.55696978196,48029.30236633364,23030.94384916937,1.7270134811146287e-11
420644.8653030381,418336.0558483126,412571.9544547947,403444.911203057,391100.33294273965,375733.2742598213,357583.94057039765,336932.2721763778,314091.805802031,289403.0265121309,263226.4274889362,235935.48826814827,207909.76486275025,179528.25959355792,151163.20678158326,123174.37544962327,95903.9546359106,69672.0535159804,44772.819589695166,21471.155524069007,1.61009443613255e-11
390592.6261104385,388459.7286716743,383134.2029956246,374699.86233871203,363288.7814582505,349078.34339875024,332287.3320992102,313171.20735737676,292016.7218354103,269136.05423610477,244860.63809825035,219534.862077876,193509.80593405152,167137.15808725197,140763.43733381145,114724.61510269284,89341.20763397712,64913.88165573233,41719.59430117509,20008.269520735663,1.50042756707062e-11
362812.29666695633,360839.3200025094,355912.63985071296,348108.6544567697,337547.8376406282,324392.1547377332,308841.63419577107,291130.20649170445,271520.9416160364,250300.82920929932,227775.25117305876,204262.29534648883,180087.05123562136,155576.01580411376,131051.72029125359,106827.66942118634,83203.66378321065,60461.55611360683,38861.47403291135,18638.526546217545,1.3977347580316725e-11
337101.4556387307,335274.4585243552,330711.96018819924,323483.85498672357,313700.4246269535,301510.0564763593,287096.2088261581,270673.7155012759,252484.53896526722,232793.09256022406,211881.25844612496,190043.22822778777,167580.28859997736,144795.66532949975,121989.5264942589,99454.23123488219,77469.89452599353,56300.32278606625,36189.36053449427,17357.67558603737,1.301700057499911e-11
313282.8373149873,311589.55043797084,307360.7059220385,300660.44274603087,291590.01028026413,280285.7371739392,266916.3239845908,251679.536905825,234798.39444112792,216516.94922291752,197095.77312514634,176807.25538468914,155930.8209209738,134748.16995074158,113538.631047206,92574.70882438136,72117.89532361343,52414.8018051224,33693.65577875728,16161.197374978043,1.211986677731879e-11
291199.80128495995,289629.3347518217,285707.0313911697,279491.8969905196,271077.11464552645,260588.22377233804,248180.6882006762,234036.91887711125,218362.82936873633,201384.01173249033,183341.62617650582,164488.100274484,145082.7324963921,125387.29086538464,105661.69116340711,86159.83090584706,67125.64595299309,48789.44677758349,31364.581657626975,15044.464902297132,1.1282492121427236e-11
270712.81718681025,269255.43270790164,265615.41175757896,259847.15025478823,252036.57926624743,242299.52229163927,230779.49784870967,217645.0235029311,203086.4886499081,187312.6718890318,170546.98452346292,153023.5245493495,134983.02558071076,116668.78276182438,98322.63322638895,80181.06253118874,62471.50121967285,45408.86775456373,29192.405955422746,14002.857171555774,1.0501423019484789e-11
251696.71726594085,250343.64933906897,246964.06502894152,241608.1956909987,234355.41461563733,225312.74727944177,214612.87577857968,202411.6860689053,188885.41656223385,174227.47442050648,158644.99137138602,142355.1939902703,125581.66422854966,108550.5647007746,91486.90014922767,74610.88192244407,58134.45660840342,42258.053531537305,27167.599008872632,13031.838368616016,9.773266747298153e-12
234038.53145078587,232781.84578528051,229642.9159561196,224668.19192205186,217931.08771453906,209530.62434893078,199589.6098331168,188252.3988083174,175682.2832448736,162058.57275736696,147573.42833938857,132428.516589335,116831.55284192595,100992.80116031594,85121.59707763525,69422.95555443817,54094.32212063413,39322.519885845126,25280.93930592713,12127.011528257219,9.094732451046506e-12
217635.76588076307,216468.24622979696,213551.97285250775,208929.94748498275,202670.1462502707,194864.2787614603,185626.1223292737,175089.46882168832,163405.7297333718,150741.2515856445,137274.39875057022,123192.4641105863,108688.46963891214,93957.91909643843,79195.56372702496,64592.23927841391,50331.8290912793,36588.403605841006,23523.58164971593,11284.153487868649,8.462657929651924e-12
202395.02035952377,201310.07711656333,198600.02036988028,194304.696147823,188487.10113141808,181232.24444273056,172645.6184598503,162851.31207425616,151989.8070646482,140215.5043062139,127694.03123669143,114599.3852927406,101110.96990475383,87410.58014392082,73679.39434853525,60095.02615088918,46828.688440321486,34042.51710288913,21887.0980442962,10499.236189555299,7.874026036278798e-12
188230.86604471836,187222.46159783547,184703.5552023666,180711.09624734757,175303.5086028341,168559.64388607687,160577.37423654983,151471.8545519826,141373.49074489033,130425.65615714432,118782.20270164733,106604.81651669714,94060.26990019153,81317.62206288186,68545.42086742599,55908.95629982983,43567.61407146702,31672.374605714984,20363.498859473828,9768.438097844368,7.32597355998379e-12
175064.92403479654,174127.51109973082,171785.9096203345,168074.40357762392,163047.20742978866,156777.50144642047,149356.13410349967,140890.01855375618,131500.25622508934,121320.02575482217,110492.27963270257,99167.29403299117,87500.11933726746,75647.979793611,63767.67066654997,52013.00017503277,40532.32158273466,29466.198099721976,18945.239886612002,9088.148531475566,6.815794713098455e-12
162825.10001657362,161953.5700896795,159776.52117858504,156325.7796450835,151651.67745239794,145822.1615746987,138921.5954952353,131049.2772880527,122317.70431396224,112850.61933153501,102780.8767304517,92248.17057148182,81396.6681308729,70372.59369416542,59321.807450621964,48387.42355369746,37707.50980328454,27412.90905327697,17625.21944276019,8454.966983330409,6.340940799913692e-12
151444.941017503,150634.58078040602,148610.31703016825,145401.70632734566,141055.49391544287,135634.7903399823,129217.96298721035,121897.26485299288,113777.22794118665,104972.85310908113,95607.6318354685,85811.43822074991,75718.33150125603,65464.31046070807,55185.061363564615,45013.74045202006,35078.83069209064,25502.11038920908,16396.768593793266,7865.69896128803,5.89901723126376e-12
140863.08847608464,140109.54250274596,138227.1888528367,135243.48490091806,131201.8580699182,126160.94369933991,120193.55873371313,113385.43162920876,105833.71356452024,97645.30013793483,88934.99615318073,79823.5587811322,70435.65629425128,60897.78068935847,51336.15284637442,41874.6584391496,32632.851658415,23724.061978095695,15253.636756240932,7317.349478754841,5.487778742812877e-12
131022.80798391034,130322.0464910003,128571.54009052712,125796.80261307124,122038.18912610397,117350.18982596764,111800.4789397003,105468.73734480965,98445.27194210919,90829.45861610699,82728.03881284274,74253.30229846218,65521.19049426328,56649.35589555392,47755.21347072892,38954.019618499784,30357.013264866047,22069.652049219825,14189.974332837784,6807.115022323962,5.1051234460573994e-12
121871.5806727273,121219.87134800023,119591.8914989349,117011.35389626674,113515.76609134115,109155.77571007046,103994.28841813942,98105.37576057813,91572.99407839135,84489.5392312226,76954.26483750905,69071.59412731182,60949.35724944033,52696.98696164902,44423.70605464117,36236.73962646058,28239.584456233653,20530.36625957311,13200.313586587003,6332.374599619688,4.7490861706420916e-12
113360.74470049163,112754.62786537096,111240.53421503873,108840.50628171484,105589.4106317061,101534.33044096072,96733.74702920519,91256.5262059114,85180.72898272409,78592.26948122484,71583.44564678885,64251.37061697412,56696.334248786974,49020.12536023495,41324.34567903906,33708.74632005719,26269.61685022075,19098.255674154036,12279.548623378385,5890.680303493028,4.417831429838536e-12
105445.17791670332,104881.44444659585,103473.22200939116,101241.00330311294,98217.2040670338,94445.59923992731,89980.56312160479,84886.1281728207,79234.88051742077,73106.71325189478,66587.4612608753,59767.44333385183,52739.93894218004,45599.62804296357,38441.022716973326,31356.91932321393,24436.899176412382,17765.904549533512,11422.91510477422,5479.747704838985,4.1096462469260816e-12
98083.01477273914,97558.68632522345,96248.89622480112,94172.69837294727,91360.2331017315,87852.20357428229,83699.17010394185,78960.67592212427,73704.2211036968,68004.10418440639,61940.153421489784,55596.37161038899,49059.51984274071,42417.666550291055,35758.728614425585,29169.031231203782,22731.91261749849,16526.39854538306,10625.970128640893,5097.446294534015,3.822933010498316e-12
91235.39204721343,90747.70324432463,89529.43830374845,87598.31489717687,84982.36002826046,81719.42364300578,77856.52304371171,73449.03062953256,68559.72043570764,63257.69156949742,57617.188891990714,51716.3431283421,45635.85397165504,39457.640654941264,33263.48488913135,27133.691001090825,21145.7875620825,15373.293791547725,9884.572579517075,4741.790127205469,3.5562024752128406e-12
84866.21909928447,84412.60138323449,83279.44587038909,81483.22887098414,79050.01400500449,76015.00025806752,72421.91278198038,68322.24804214454,63774.387651134195,58842.5976686331,53595.93224430181,48107.06219197094,42451.05037956602,36704.09667743047,30942.27561582395,25240.289857430304,19670.262099055868,14300.587093459557,9194.86415074018,4410.928769653553,3.308066986585547e-12
78941.96923397073,78520.03617148618,77466.02914444575,75795.27094450884,73532.00067216122,70708.95370865696,67366.7955070851,63553.41995987897,59323.12564172137,54735.68549590843,49855.32748408618,44749.64531640667,39488.459592085754,34142.65048806595,28782.98352369181,23478.949898438088,18297.642452817614,13302.687452887792,8553.251167252904,4103.138620194833,3.0772339806439536e-12
73431.48943015862,73039.02328345485,72058.62508592478,70504.54552000636,68399.32787827955,65773.41763007955,62664.6360838539,59117.52812551148,55182.59637390304,50915.43620426989,46375.78790745434,41626.52374190993,36732.5887693546,31759.91512326626,26774.329730310088,21840.475484263963,17020.765464093103,12374.389004230457,7956.387284838175,3816.814638576676,2.862499789010127e-12
68305.82619447017,67940.76560990403,67028.8271481633,65583.26488337637,63625.04568361601,61182.486236401804,58290.76371067696,54991.30931927649,51331.09623950961,47361.835311152514,43139.09362228979,38721.35248142964,34169.02233312741,29543.432885027625,24905.81706516832,20316.3074154331,15832.963153435187,11510.845411311753,7401.157103168594,3550.4625068768964,2.6627437653481587e-12
63538.06570031236,63198.49439136954,62350.22888723631,61005.59671552071,59184.09911273664,56912.073539637255,54222.23869391147,51153.13062296295,47748.4405781176,44056.26707578234,40128.29620493647,36018.925513459464,31784.347793807196,27481.611753553272,23167.67688719242,18898.479858139766,14728.02935670997,10707.545730387928,6884.660702682457,3302.691228048012,2.476922738638474e-12
59103.18667961598,58787.32300088933,57998.279964532645,56747.5235965537,55053.19236887384,52939.78338608337,50437.72930156519,47582.87395426428,44415.856612318516,40981.41640618904,37327.62999850186,33505.096742186885,29566.086499870962,25563.665919015704,21550.819268401086,17579.57993805176,13700.188388778712,9960.291717619446,6404.199096057846,3072.2061590689937,2.3040657913515002e-12
54977.924776288906,54684.11210084753,53950.153306096,52786.71332656138,51210.663412337446,49244.78930566609,46917.39779652687,44261.82908251814,41315.88411994269,38121.177730707655,34722.42959242283,31166.70636052471,27502.62903005479,23779.560225078003,20046.78639561373,16352.709901264883,12744.065669309723,9265.176540534812,5957.2605718177365,2857.802468967377,2.143269355480429e-12
51140.64726125427,50867.34508630297,50184.62236195609,49102.39905395886,47636.36795670895,45807.723302843675,43642.79486172301,41172.59442767544,38432.28323676423,35460.570318170925,32299.05305426812,28991.512267471047,25583.17495211915,22119.958311141516,18647.70903063732,15211.451726790874,11854.660230295756,8618.564840673744,5541.507898772626,2658.3590074788467,1.99369261595517e-12
47571.23716115752,47317.012876909845,46681.94755231661,45675.26833674844,44311.572058611775,42610.57282532667,40596.76172147977,38298.985019757274,35749.948842249556,32985.65957446414,30044.81051409801,26968.12620840299,23797.676679267937,20576.174240084732,17346.265864158442,14149.834067062837,11027.3190162642,8017.074086931868,5154.766354409042,2472.8325672301435,1.8545532087494224e-12
44250.98597545879,44014.50724026852,43423.771103519066,42487.36037082022,41218.85257631505,39636.58523527303,37763.33933957065,35625.94705950387,33254.831031627065,30683.483881670832,27947.897729145752,25085.954324669605,22136.78716505937,19140.12740185463,16135.645597831792,13162.30138960515,10257.71288374588,7457.557154850156,4795.0125370800715,2300.252520624336,1.7251231996757652e-12
41162.494256511956,40942.52192796371,40393.019571509125,39521.97070867357,38342.004854414765,36870.17918103409,35127.68413837026,33139.47857491824,30933.861221590367,28541.986580499895,25997.334282231008,23335.141816721283,20591.811188994638,17804.300489454643,15009.511591449213,12243.68519291674,9541.814205128372,6937.08606524839,4460.363920293236,2139.715811749038,1.6047253291921807e-12
38289.579409517006,38084.96098669421,37573.813428875445,36763.56286595147,35665.957060206194,34296.86232921215,32675.989737807155,30826.555714874383,28774.883475552793,26549.95272768796,24182.906091251905,21706.521442644796,19154.659997218165,16561.70035174662,13961.968916598466,11389.177171773512,8875.87598267998,6452.936815485378,4149.069107035165,1990.382283375227,1.4927295083330546e-12
35617.19013782294,35426.85367459914,34951.38315703997,34197.68627529888,33176.69065505531,31903.154969229425,30395.414259401743,28675.064261372216,26766.590668522378,24696.950288124306,22495.11192943453,20191.565591133283,17817.809075426125,15405.821536398433,12987.53366415591,10594.304210847638,8256.412380643435,6002.575237717844,3859.4987425626073,1851.4703192879085,1.388549550992334e-12
33131.3270169013,32954.2754700287,32511.991340592955,31810.90009979547,30861.166533316868,29676.51904768154,28274.01278109795,26673.735977502256,24898.46514211297,22973.27544694887,20925.113676836718,18782.34168444604,16574.258843806903,14330.612345790345,12081.104359765946,9854.905090235521,7680.180586384326,5583.64382043907,3590.1370451593302,1722.252782657083,1.291640128125357e-12
30818.96872966179,30654.274708801284,30242.86030818547,29590.702463502017,28707.256403842104,27605.29222890919,26300.674564018682,24812.08943961331,23160.723527543218,21369.90175015901,19464.69004300638,17471.470682712577,15417.498076388825,13330.443238405265,11237.935348761968,9167.108791798115,7144.163915290674,5193.949432026069,3339.573915814391,1602.0532318214587,1.2014939299251032e-12
28668.003538343037,28514.80442810403,28132.104905403747,27525.46469595676,26703.679026164227,25678.626612568052,24465.06470358559,23080.375030226904,21544.26543916053,19878.432803585707,18106.193518766842,16252.088475945435,14341.469859375813,12400.07741792744,10453.612019496608,8527.314300863874,6645.556078199625,4831.451887802595,3106.497589475501,1490.242395646161,1.1176390226137204e-12
26667.165605309485,26524.659031928753,26168.6700208876,25604.37022190243,24839.940946057548,23886.431769378298,22757.569885349796,21469.523793455606,20040.625763439788,18491.058279693287,16842.51033193621,15117.80996433055,13340.539914806517,11534.643461798572,9724.027741581744,7932.171803628012,6181.746534394392,4494.25330508706,2889.6877923694956,1386.2348914782374,1.0396363871321723e-12
24805.975807716877,24673.415425269777,24342.272518554164,23817.3577579764,23106.281404104302,22219.32178334672,21169.247950918278,19971.09987746906,18641.930288837044,17200.512999694245,15667.023197458939,14062.695640751435,12409.467127102995,10729.609850211942,9045.362402949226,7378.5651863564335,5750.306857535,4180.588193730476,2688.0093717844657,1289.486169621961,9.670776276808534e-13
23074.68671996454,22951.378293018737,22643.34725688497,22155.06850523975,21493.621116782935,20668.566013105545,19691.781001967745,18577.256309255084,17340.85444057468,16000.03887511207,14573.576667018626,13081.22050209176,11543.376120746445,9980.761265393665,8414.062436841336,6863.595748171838,5348.9780461699165,3888.814232684961,2500.406366622805,1199.4896691636122,8.99582838741995e-13
21464.231463737124,21349.52922516874,21062.99690139795,20608.797050780784,19993.51465288515,19226.043307010128,18317.431790852253,17280.693865808928,16130.584901592432,14883.349508300376,13556.444896780491,12168.245127669477,10737.73174741098,9284.17653947905,7826.8222367623375,6384.56704469481,4975.658714657489,3617.4036861247214,2325.8964889236418,1115.774170873588,8.367986198862595e-13
19966.176148730996,19859.479413056608,19592.94525910531,19170.44571362373,18598.106149153686,17884.19942661317,17039.00316500946,16074.622823174359,15004.783916685896,13844.597265651737,12610.30166455095,11318.988774215137,9988.31535040081,8636.208137317592,7280.566864032295,5938.970785091024,4628.394104364129,3364.93541553304,2163.56598839154,1037.9013337895317,7.783962283212382e-13
18572.6756482387,18473.425662299065,18225.493884309373,17832.48209013518,17300.08812820857,16636.007451347625,15849.800349475434,14952.727380634737,13957.55609140806,12878.342650402608,11730.192479402182,10529.004347150132,9291.202683180076,8033.463068122838,6772.435958859826,5524.473710109769,4305.365858872883,3130.0874469469263,2012.564873739112,965.463402929109,7.240698597720935e-13
17276.43247293254,17184.109487114638,16953.481723798064,16587.8995723176,16092.663199340639,15474.930953921297,14743.59586751442,13909.132571964552,12983.417510751497,11979.52581415199,10911.508637753754,9794.155117584223,8642.743367174828,7472.785127025306,6299.768771783769,5138.905383475484,4004.8825106161726,2911.630055201867,1872.1024663439136,898.0810763896526,6.735350488901655e-13
16070.658523687625,15984.779068107462,15770.24758659948,15430.180629026157,14969.50843879474,14394.889751227864,13714.596913808798,12938.373489126312,12077.267015058524,11143.440057536915,10149.963090085714,9110.593063471802,8039.541781883621,6951.238374295599,5860.090237924133,4780.246833506516,3725.370629831507,2708.419329534307,1741.4432633284732,835.4015208609887,6.265271809614994e-13
14949.039520315815,14869.153871518281,14669.595239130545,14353.262655421478,13924.74226090522,13390.228049658985,12757.415007964824,12035.366656244834,11234.359482114565,10365.707181018555,9441.56799193118,8474.738721780335,7478.439287681043,6466.091766295046,5451.098021736374,4446.61998608525,3465.366590027369,2519.391187276349,1619.9030886940368,777.0965253058417,5.828001072328242e-13
13905.701917810646,13831.391742585634,13645.760940986003,13351.50621002553,12952.89360502182,12455.68481668605,11867.037768381455,11195.383403204705,10450.280975044343,9642.254556492304,8782.613821611112,7883.262446369371,6956.497688563592,6014.804858099588,5070.650464890439,4136.27783409655,3223.508907240362,2343.5558046160827,1506.845512573307,722.8607832490308,5.421248566872375e-13
12935.182135263216,12866.058299138658,12693.383249889532,12419.665471702443,12048.873275687114,11586.36622256942,11038.802657893888,10414.025098875993,9720.925625518425,8969.293799498333,8169.649955373098,7333.066973587922,6470.983848494246,5595.014503246976,4716.755374508813,3847.5952921941407,2998.531113268239,2179.992435500133,1401.6785200160664,672.4102947625593,5.042884375859826e-13
12032.397935121928,11968.098463982173,11807.474936583987,11552.860760851585,11207.947285101354,10777.720007143995,10268.372563126346,9687.200113854626,9042.474130954717,8343.300930231675,7599.46659822556,6821.271204408622,6019.355380979826,5204.522481199311,4387.5595933120385,3579.0606892589485,2789.255125784495,2027.8445917274355,1303.8514119870667,625.4808798399753,4.690927225471917e-13
11192.621802027965,11132.809986126758,10983.396861763267,10746.552980162052,10425.712057617206,10025.511636895719,9551.713079236422,9011.102391765267,8411.373752916388,7760.997919375402,7069.077975854471,6345.195118258161,5599.2473370865755,4841.2839879103485,4081.3392972491056,3329.267854188641,2594.5850807852466,1886.315559129217,1212.851922440412,581.8267954211682,4.363534113581425e-13
10411.456181155143,10355.818811552414,10216.833677632045,9996.519840520885,9698.071365925429,9325.802127059529,8885.071380774856,8382.191516678493,7824.319711819628,7219.335522055515,6575.706699612517,5902.34573960894,5208.459822292562,4503.396929362252,3796.4909699513264,3096.908753717426,2413.50159519812,1754.6642264564487,1128.203536443096,541.2194488600609,4.0589906611591375e-13
9684.81044588757,9633.056174043284,9503.771226389223,9298.833747157023,9021.214877784769,8674.927412291732,8264.95656777184,7797.174172087207,7278.237880412987,6715.477309977309,6116.7692227113575,5490.40408389325,4844.9464774121,4189.0919621072735,3531.5230068557794,2880.7666438199626,2245.056429703519,1632.201205208076,1049.462995355699,503.44620112398576,3.775702136634787e-13
9008.879473850802,8960.737285762085,8840.475516934403,8649.841229903883,8391.598200677046,8069.479157657967,7688.121383948253,7252.986894219288,6770.26868531942,6246.784818090229,5689.862311461323,5107.2130144178245,4506.803763332303,3896.723228736609,3285.047905114562,2679.7096989161605,2088.3675238907904,1518.2852201379771,976.2179760448374,468.3092534769738,3.512185106357768e-13
8380.123718828223,8335.341515701726,8223.47316944788,8046.143809628776,7805.924319682079,7506.286909278238,7151.545211181173,6746.7800292743195,6297.752132278808,5810.803727973526,5292.750460717013,4750.765946717917,4192.260993495871,3624.7597398186153,3055.7749984530155,2492.685085575535,1942.6143778036783,1412.31975158175,908.0849320035036,435.6246118314882,3.2670596675446835e-13
7795.250673998521,7753.593952012351,7649.53322524694,7484.580200457802,7261.126331215202,6982.401491029846,6652.4182510708615,6275.902810501685,5858.213876628762,5405.251015570918,4923.354187631262,4419.1963412210625,3899.671061968528,3371.7773572198403,2842.503698978458,2318.7134497325283,1807.0337557300656,1313.7499120524872,844.7070850959989,405.22112335621847,3.0390422231234717e-13
7251.1976292688,7212.4482515005775,7115.650226519724,6962.209754464773,6754.351382095576,6495.0795602669905,6188.126810698823,5837.889476920383,5449.352266046849,5028.002995957747,4579.739142418929,4110.767929213778,3627.501818563773,3136.4513368609587,2644.1172105842775,2156.8837885784333,1680.9156897685607,1222.0595407735325,785.7525574274804,376.9395803032247,2.826938760701026e-13
6745.115632293488,6709.070686376244,6619.028477223678,6476.297062031749,6282.945729753917,6041.769241609184,5756.239615467426,5430.44636094889,5069.026287676882,4677.084202524845,4260.1059791094995,3823.86562094032,3374.328045879201,2917.549391881042,2459.5766810549017,2006.3486803013584,1563.5997622666432,1136.768500951377,730.9126335677535,350.6318863676477,2.629638600505339e-13
6274.354569102724,6240.825304621115,6157.067402649131,6024.297627166419,5844.440845282002,5620.096763515,5354.495077305228,5051.439877298371,4715.244356504969,4350.657042336385,3962.780933247516,3556.9870482322203,3138.8239962463304,2713.9252399031284,2287.9157622683674,1866.3198467135107,1454.4716476800356,1057.430165649185,679.9001440385744,326.16028121916975,2.4461085795977874e-13
5836.4492861481285,5805.26012620645,5727.347930921427,5603.844542708484,5436.540486502818,5227.85402762193,4980.789451534949,4698.885350209087,4386.153886260505,4047.0121734849026,3686.20705720106,3308.734697387493,2919.75644952388,2524.5126006242795,2128.235550025045,1736.0640255432943,1352.9598957570358,983.6290791055699,632.4479616063456,303.39661914785194,2.2753876419267185e-13
5429.106681044715,5400.094302827625,5327.6198250826255,5212.736095608026,5057.108673332858,4862.987045728507,4633.1658203634815,4370.93662050646,4080.03158821928,3764.5595540497948,3428.936067182478,3077.8085911081344,2715.978255389588,2348.3196123084736,1979.6998770157236,1614.8991307880156,1258.532939212317,914.9787812595849,588.3076025111673,282.2216980495241,2.1165818059125082e-13
5050.193694371923,5023.206173880874,4955.789899382271,4848.924237338973,4704.158502441483,4523.585183845436,4309.803845287291,4065.8763780405384,3795.2744470997113,3501.8201157830276,3189.6207592881865,2862.9994811780675,2526.4223263204112,2184.423637951433,1841.530934288504,1502.1906810285564,1170.6963102277236,851.1197840955448,547.2479253113387,262.5246352388369,1.968859483226102e-13
4697.726139625225,4672.6221561102275,4609.911058046272,4510.503859049575,4375.841742614782,4207.871156975013,4009.010234738214,3782.1071688749666,3530.3913267914554,3257.4180189186745,2967.0079548444487,2663.1825162376867,2350.096049809833,2031.9664339254857,1713.00519829236,1397.3484770087907,1088.9900512095192,791.7176892149964,509.0539205326887,244.20228682285097,1.8314471242586693e-13
4369.8583128051205,4346.506408724531,4288.1720991057055,4195.702815271247,4070.4391563242566,3914.191722213221,3729.2098770429425,3518.143030126885,3283.9951619548406,3030.073447546223,2759.9319381173245,2477.3113514980523,2186.0760905649354,1890.1496558090255,1593.4496421736794,1299.8235110861685,1012.9863062473353,736.4614367815658,473.5255847868308,227.15870759575867,1.703625167487826e-13
4064.8733272185254,4043.1512198506357,3988.888229878839,3902.8726439317024,3786.3514968075956,3641.009021429228,3468.937592256253,3272.6017086480815,3054.7956945989713,2818.595907819062,2567.3083520234513,2304.412669551687,2033.5035554674193,1758.2306778699372,1482.2382114895945,1209.1050923730818,942.2870806654107,685.0616766716108,440.4768734642615,211.30464862727408,1.584724271535329e-13
3781.1741228689193,3760.968063969833,3710.4922444297094,3630.4799340676864,3522.09113350893,3386.89252818078,3226.8304596706234,3044.1974227962187,2841.592717600855,2621.8779939029146,2388.1285198765117,2143.5810835892153,1891.5794959816387,1635.518704313961,1378.7885458856256,1124.7181725172227,876.5221569361619,637.2492533029324,409.7347265192633,196.5570899144016,1.4741218101898717e-13
3517.27510334695,3498.479283501063,3451.5263167957314,3377.0982960267456,3276.2742620185118,3150.511556689925,3001.6206808207585,2831.7341293899062,2643.269789783154,2438.8895890186104,2221.4541634351563,1993.9743963332314,1759.560724459294,1521.371151936191,1282.5589295725138,1046.2208581191699,815.3471560443578,592.7737962086264,381.13816224600913,182.8388056497504,1.371238612044497e-13
3271.7943564215784,3254.310350965089,3210.6343670035144,3141.4008921044688,3047.6136577143093,2930.628293648257,2792.128940606966,2634.0992605877045,2458.7883896381136,2268.6724712122946,2066.412489593484,1854.809189863433,1636.7559224339047,1415.190285234772,1193.0454546348303,973.2020967623566,758.4417341514616,551.4024089765984,354.5374343011026,170.077959830258,1.2755359276782794e-13
3043.446417589649,3027.1826712053794,2986.554959892686,2922.153488499437,2834.911935156038,2726.0913163593923,2597.2582317702318,2450.257897892253,2287.1824770823296,2110.3352956054923,1922.1916199853729,1725.356723239419,1522.522020526767,1316.4200863674023,1109.7793823179702,905.2795245392575,705.5079051178197,512.9184496900546,329.79324755877,158.2077300889627,1.1865126085027024e-13
2831.0355386866313,2815.9068859709823,2778.1146995590857,2718.2079921994014,2637.0552779317754,2535.829563274208,2415.9881103791163,2279.2473527704333,2127.5534347641956,1963.0489268492602,1788.0363395698466,1604.9391164394376,1416.2608310083838,1224.5433435609305,1032.3246884767223,842.0974638031569,656.2684800992868,477.12039648330745,306.77602869291616,147.1659577802107,1.1037024825012198e-13
2633.4494263066117,2619.376645797936,2584.2220848245406,2528.4964389520337,2453.0076061212367,2358.8467253436415,2247.3693522457816,2120.1721255098255,1979.0653624334202,1826.042097340366,1663.2441419348195,1492.9258006323928,1317.4159153820879,1139.0789427279396,960.2757803326625,783.3250606612343,610.4656160476943,443.82079227274943,285.3652476667015,136.8948224860974,1.0266719131210229e-13
2449.6534172406878,2436.562816573597,2403.86179355545,2352.0254008364936,2281.805150832076,2194.2160288180403,2090.5189822884213,1972.199215912747,1840.9406997310753,1698.5973684635317,1547.1615506104338,1388.7302161951425,1225.469670587273,1059.5793481082674,893.2553725846018,728.6545524563701,567.8594655147637,412.8452631373798,265.4487865768291,127.34053923979923,9.550175285349443e-14
2278.6850604317865,2266.5080904449615,2236.0893658984837,2187.870784149631,2122.5514073975123,2041.075382172135,1944.6156508105146,1834.5537612716828,1712.4561544784945,1580.0473737105383,1439.1806971284905,1291.8067411843233,1139.9406185643127,985.6282587430894,830.9125117506264,677.7996561656319,528.2269206894205,384.031605208847,246.922352547639,118.45307688037816,8.88364109383326e-14
